cluster_id,cluster,keyword,search_intent,competitor_ranking_page,competitor_position,keyword_role,our_hub_url,target_type,recommended_asset,status,live_url,plan_day,published_date,cannibalization_note
C01,Superscript generator,superscript copy paste,commercial,smalltextgen.com/superscript-generator/,top 5,primary,/tools/superscript,Money page (primary target),TOOL: /tools/superscript,Live,https://smalltextgen.site/tools/superscript,,,
C01,Superscript generator,superscript converter,informational,smalltextgen.com/superscript-generator/,top 2,secondary,/tools/superscript,Money page (secondary / on-page section),TOOL: /tools/superscript,Live,https://smalltextgen.site/tools/superscript,,,
C01,Superscript generator,font superscript,informational,smalltextgen.com/superscript-generator/,top 2,secondary,/tools/superscript,Money page (secondary / on-page section),TOOL: /tools/superscript,Live,https://smalltextgen.site/tools/superscript,,,
C01,Superscript generator,superscript numbers copy and paste,informational,smalltextgen.com/superscript-generator/,top 7,blog,/tools/superscript,Blog post,How to Type Superscript Numbers & Exponents (copy & paste),Live,https://smalltextgen.site/guides/superscript-numbers-exponents,,,
C01,Superscript generator,superscript and subscript generator,informational,smalltextgen.com/superscript-generator/,top 1,secondary,/tools/superscript,Money page (secondary / on-page section),TOOL: /tools/superscript,Live,https://smalltextgen.site/tools/superscript,,,DUPLICATE: mapped to both /tools/superscript and /tools/subscript. Owner = /tools/superscript; subscript page links to it for combined queries.
C01,Superscript generator,unicode superscript generator,commercial,smalltextgen.com/superscript-generator/,top 4,secondary,/tools/superscript,Money page (secondary / on-page section),TOOL: /tools/superscript,Live,https://smalltextgen.site/tools/superscript,,,
C01,Superscript generator,superscripts copy and paste,informational,smalltextgen.com/superscript-generator/,top 5,secondary,/tools/superscript,Money page (secondary / on-page section),TOOL: /tools/superscript,Live,https://smalltextgen.site/tools/superscript,,,
C01,Superscript generator,th superscript copy,commercial,smalltextgen.com/superscript-generator/,top 6,blog,/tools/superscript,Blog post,How to Type Superscript Numbers & Exponents (copy & paste),Live,https://smalltextgen.site/guides/superscript-numbers-exponents,,,
C01,Superscript generator,supertext generator,informational,smalltextgen.com/superscript-generator/,top 3,secondary,/tools/superscript,Money page (secondary / on-page section),TOOL: /tools/superscript,Live,https://smalltextgen.site/tools/superscript,,,
C01,Superscript generator,superscript numbers copy paste,informational,smalltextgen.com/superscript-generator/,top 7,blog,/tools/superscript,Blog post,How to Type Superscript Numbers & Exponents (copy & paste),Live,https://smalltextgen.site/guides/superscript-numbers-exponents,,,
C01,Superscript generator,exponent text generator,informational,smalltextgen.com/superscript-generator/,top 4,blog,/tools/superscript,Blog post,How to Type Superscript Numbers & Exponents (copy & paste),Live,https://smalltextgen.site/guides/superscript-numbers-exponents,,,
C01,Superscript generator,exponent generator,informational,smalltextgen.com/superscript-generator/,top 3,blog,/tools/superscript,Blog post,How to Type Superscript Numbers & Exponents (copy & paste),Live,https://smalltextgen.site/guides/superscript-numbers-exponents,,,
C01,Superscript generator,superscript copy,informational,smalltextgen.com/superscript-generator/,top 3,secondary,/tools/superscript,Money page (secondary / on-page section),TOOL: /tools/superscript,Live,https://smalltextgen.site/tools/superscript,,,
C01,Superscript generator,superscript text,commercial,smalltextgen.com/superscript-generator/,top 4,secondary,/tools/superscript,Money page (secondary / on-page section),TOOL: /tools/superscript,Live,https://smalltextgen.site/tools/superscript,,,
C01,Superscript generator,superscript letters copy paste,informational,smalltextgen.com/superscript-generator/,top 4,secondary,/tools/superscript,Money page (secondary / on-page section),TOOL: /tools/superscript,Live,https://smalltextgen.site/tools/superscript,,,
C01,Superscript generator,supercript generator,informational,smalltextgen.com/superscript-generator/,top 3,variant,/tools/superscript,Money page (misspelling / near-dupe — no separate page),TOOL: /tools/superscript,Live,https://smalltextgen.site/tools/superscript,,,
C01,Superscript generator,superscript text generator,commercial,smalltextgen.com/superscript-generator/,top 5,secondary,/tools/superscript,Money page (secondary / on-page section),TOOL: /tools/superscript,Live,https://smalltextgen.site/tools/superscript,,,
C01,Superscript generator,superscript creator,informational,smalltextgen.com/superscript-generator/,top 3,secondary,/tools/superscript,Money page (secondary / on-page section),TOOL: /tools/superscript,Live,https://smalltextgen.site/tools/superscript,,,
C01,Superscript generator,super script generator,informational,smalltextgen.com/superscript-generator/,top 3,variant,/tools/superscript,Money page (misspelling / near-dupe — no separate page),TOOL: /tools/superscript,Live,https://smalltextgen.site/tools/superscript,,,
C01,Superscript generator,superscript unicode generator,commercial,smalltextgen.com/superscript-generator/,top 5,secondary,/tools/superscript,Money page (secondary / on-page section),TOOL: /tools/superscript,Live,https://smalltextgen.site/tools/superscript,,,
C01,Superscript generator,discord superscript generator,informational,smalltextgen.com/superscript-generator/,top 2,blog,/tools/superscript,Blog post,"Superscript in Discord (copy, paste, what renders)",Live,https://smalltextgen.site/guides/superscript-discord,,,
C01,Superscript generator,subscript and superscript generator,informational,smalltextgen.com/superscript-generator/,top 1,secondary,/tools/superscript,Money page (secondary / on-page section),TOOL: /tools/superscript,Live,https://smalltextgen.site/tools/superscript,,,DUPLICATE: mapped to both /tools/superscript and /tools/subscript. Owner = /tools/superscript; subscript page links to it for combined queries.
C01,Superscript generator,superscript font generator,commercial,smalltextgen.com/superscript-generator/,top 5,secondary,/tools/superscript,Money page (secondary / on-page section),TOOL: /tools/superscript,Live,https://smalltextgen.site/tools/superscript,,,
C01,Superscript generator,online superscript generator,informational,smalltextgen.com/superscript-generator/,top 3,secondary,/tools/superscript,Money page (secondary / on-page section),TOOL: /tools/superscript,Live,https://smalltextgen.site/tools/superscript,,,
C01,Superscript generator,superscript gen,informational,smalltextgen.com/superscript-generator/,top 4,variant,/tools/superscript,Money page (misspelling / near-dupe — no separate page),TOOL: /tools/superscript,Live,https://smalltextgen.site/tools/superscript,,,
C01,Superscript generator,copy paste superscript,informational,smalltextgen.com/superscript-generator/,top 3,secondary,/tools/superscript,Money page (secondary / on-page section),TOOL: /tools/superscript,Live,https://smalltextgen.site/tools/superscript,,,
C02,Underline / underscore text,underscore text,informational,smalltextgen.com/underline-text-generator/,top 1,primary,/tools/underline,Money page (primary target),TOOL: /tools/underline,Live,https://smalltextgen.site/tools/underline,,,
C02,Underline / underscore text,underline word generator,informational,smalltextgen.com/underline-text-generator/,top 5,secondary,/tools/underline,Money page (secondary / on-page section),TOOL: /tools/underline,Live,https://smalltextgen.site/tools/underline,,,
C02,Underline / underscore text,underline font copy and paste,informational,smalltextgen.com/underline-text-generator/,top 4,secondary,/tools/underline,Money page (secondary / on-page section),TOOL: /tools/underline,Live,https://smalltextgen.site/tools/underline,,,
C03,Bubble text,bubble fonts copy and paste,informational,smalltextgen.com/bubble-text-generator/,top 1,primary,/tools/bubble,Money page (primary target),TOOL: /tools/bubble,Live,https://smalltextgen.site/tools/bubble,,,
C03,Bubble text,bubbly fonts copy and paste,commercial,smalltextgen.com/bubble-text-generator/,top 1,secondary,/tools/bubble,Money page (secondary / on-page section),TOOL: /tools/bubble,Live,https://smalltextgen.site/tools/bubble,,,
C03,Bubble text,bubble letter copy and paste,informational,smalltextgen.com/bubble-text-generator/,top 1,secondary,/tools/bubble,Money page (secondary / on-page section),TOOL: /tools/bubble,Live,https://smalltextgen.site/tools/bubble,,,
C03,Bubble text,copy paste bubble letters,informational,smalltextgen.com/bubble-text-generator/,top 1,secondary,/tools/bubble,Money page (secondary / on-page section),TOOL: /tools/bubble,Live,https://smalltextgen.site/tools/bubble,,,
C03,Bubble text,bubble letters to copy and paste,informational,smalltextgen.com/bubble-text-generator/,top 1,secondary,/tools/bubble,Money page (secondary / on-page section),TOOL: /tools/bubble,Live,https://smalltextgen.site/tools/bubble,,,
C03,Bubble text,copy and paste bubble letters,informational,smalltextgen.com/bubble-text-generator/,top 1,secondary,/tools/bubble,Money page (secondary / on-page section),TOOL: /tools/bubble,Live,https://smalltextgen.site/tools/bubble,,,
C03,Bubble text,bubble copy,informational,smalltextgen.com/bubble-text-generator/,top 5,variant,/tools/bubble,Money page (misspelling / near-dupe — no separate page),TOOL: /tools/bubble,Live,https://smalltextgen.site/tools/bubble,,,
C03,Bubble text,bubble font generator copy and paste,informational,smalltextgen.com/bubble-text-generator/,top 2,secondary,/tools/bubble,Money page (secondary / on-page section),TOOL: /tools/bubble,Live,https://smalltextgen.site/tools/bubble,,,
C03,Bubble text,bubbly font copy and paste,commercial,smalltextgen.com/bubble-text-generator/,top 1,secondary,/tools/bubble,Money page (secondary / on-page section),TOOL: /tools/bubble,Live,https://smalltextgen.site/tools/bubble,,,
C03,Bubble text,bubble letters copy paste,informational,smalltextgen.com/bubble-text-generator/,top 1,secondary,/tools/bubble,Money page (secondary / on-page section),TOOL: /tools/bubble,Live,https://smalltextgen.site/tools/bubble,,,
C03,Bubble text,bubble font copy and paste,informational,smalltextgen.com/bubble-text-generator/,top 1,secondary,/tools/bubble,Money page (secondary / on-page section),TOOL: /tools/bubble,Live,https://smalltextgen.site/tools/bubble,,,
C03,Bubble text,bubbles copy and paste,informational,smalltextgen.com/bubble-text-generator/,top 6,variant,/tools/bubble,Money page (misspelling / near-dupe — no separate page),TOOL: /tools/bubble,Live,https://smalltextgen.site/tools/bubble,,,
C04,Unicode text converter,text generator unicode,informational,smalltextgen.com/unicode-text-converter/,top 2,primary,/tools/unicode (NEW),Money page (primary target),TOOL: /tools/unicode (NEW),Live,https://smalltextgen.site/tools/unicode-text-converter,,,
C04,Unicode text converter,unicode font maker,informational,smalltextgen.com/unicode-text-converter/,top 2,secondary,/tools/unicode (NEW),Money page (secondary / on-page section),TOOL: /tools/unicode (NEW),Live,https://smalltextgen.site/tools/unicode-text-converter,,,
C04,Unicode text converter,unicode text formatter,informational,smalltextgen.com/unicode-text-converter/,top 6,secondary,/tools/unicode (NEW),Money page (secondary / on-page section),TOOL: /tools/unicode (NEW),Live,https://smalltextgen.site/tools/unicode-text-converter,,,
C04,Unicode text converter,unicode to text converter,informational,smalltextgen.com/unicode-text-converter/,top 5,blog,/tools/unicode (NEW),Blog post,Unicode Text Converter: How Copy-Paste Fonts Actually Work,Live,https://smalltextgen.site/guides/unicode-text-converter-explained,,,
C04,Unicode text converter,text converter unicode,commercial,smalltextgen.com/unicode-text-converter/,top 3,secondary,/tools/unicode (NEW),Money page (secondary / on-page section),TOOL: /tools/unicode (NEW),Live,https://smalltextgen.site/tools/unicode-text-converter,,,
C04,Unicode text converter,unicode text converter font,informational,smalltextgen.com/unicode-text-converter/,top 3,secondary,/tools/unicode (NEW),Money page (secondary / on-page section),TOOL: /tools/unicode (NEW),Live,https://smalltextgen.site/tools/unicode-text-converter,,,
C04,Unicode text converter,unicode text generator,commercial,smalltextgen.com/unicode-text-converter/,top 2,secondary,/tools/unicode (NEW),Money page (secondary / on-page section),TOOL: /tools/unicode (NEW),Live,https://smalltextgen.site/tools/unicode-text-converter,,,
C04,Unicode text converter,font generator unicode,commercial,smalltextgen.com/unicode-text-converter/,top 2,secondary,/tools/unicode (NEW),Money page (secondary / on-page section),TOOL: /tools/unicode (NEW),Live,https://smalltextgen.site/tools/unicode-text-converter,,,
C04,Unicode text converter,unicode fonts generator,informational,smalltextgen.com/unicode-text-converter/,top 2,secondary,/tools/unicode (NEW),Money page (secondary / on-page section),TOOL: /tools/unicode (NEW),Live,https://smalltextgen.site/tools/unicode-text-converter,,,
C04,Unicode text converter,unicode letters generator,informational,smalltextgen.com/unicode-text-converter/,top 3,secondary,/tools/unicode (NEW),Money page (secondary / on-page section),TOOL: /tools/unicode (NEW),Live,https://smalltextgen.site/tools/unicode-text-converter,,,
C04,Unicode text converter,unicode font generator,commercial,smalltextgen.com/unicode-text-converter/,top 2,secondary,/tools/unicode (NEW),Money page (secondary / on-page section),TOOL: /tools/unicode (NEW),Live,https://smalltextgen.site/tools/unicode-text-converter,,,
C04,Unicode text converter,unicode text converter,informational,smalltextgen.com/unicode-text-converter/,top 3,primary,/tools/unicode (NEW),Money page (primary target),TOOL: /tools/unicode (NEW),Live,https://smalltextgen.site/tools/unicode-text-converter,22,,"Also targeted by /guides/unicode-text-converter-explained — keep guide informational, tool transactional."
C04,Unicode text converter,unicode text generators,commercial,smalltextgen.com/unicode-text-converter/,top 3,variant,/tools/unicode (NEW),Money page (misspelling / near-dupe — no separate page),TOOL: /tools/unicode (NEW),Live,https://smalltextgen.site/tools/unicode-text-converter,,,
C05,Fancy text generator,fancy fonts for text,informational,smalltextgen.com/fancy-text-generator/,top 4,primary,/tools/fancy (NEW),Money page (primary target),TOOL: /tools/fancy (NEW),Live,https://smalltextgen.site/tools/fancy-text-generator,,,
C05,Fancy text generator,font typing generator,informational,smalltextgen.com/fancy-text-generator/,top 5,secondary,/tools/fancy (NEW),Money page (secondary / on-page section),TOOL: /tools/fancy (NEW),Live,https://smalltextgen.site/tools/fancy-text-generator,,,
C05,Fancy text generator,fancy tack generator,informational,smalltextgen.com/fancy-text-generator/,top 5,variant,/tools/fancy (NEW),Money page (misspelling / near-dupe — no separate page),TOOL: /tools/fancy (NEW),Live,https://smalltextgen.site/tools/fancy-text-generator,,,
C05,Fancy text generator,special fonts generator,informational,smalltextgen.com/fancy-text-generator/,top 3,secondary,/tools/fancy (NEW),Money page (secondary / on-page section),TOOL: /tools/fancy (NEW),Live,https://smalltextgen.site/tools/fancy-text-generator,,,
C05,Fancy text generator,fancy texts,informational,smalltextgen.com/fancy-text-generator/,top 4,secondary,/tools/fancy (NEW),Money page (secondary / on-page section),TOOL: /tools/fancy (NEW),Live,https://smalltextgen.site/tools/fancy-text-generator,,,
C05,Fancy text generator,fancy copy and paste text generator,informational,smalltextgen.com/fancy-text-generator/,top 6,secondary,/tools/fancy (NEW),Money page (secondary / on-page section),TOOL: /tools/fancy (NEW),Live,https://smalltextgen.site/tools/fancy-text-generator,,,
C05,Fancy text generator,fancy font generator copy paste,informational,smalltextgen.com/fancy-text-generator/,top 4,secondary,/tools/fancy (NEW),Money page (secondary / on-page section),TOOL: /tools/fancy (NEW),Live,https://smalltextgen.site/tools/fancy-text-generator,,,
C05,Fancy text generator,fancy font maker,commercial,smalltextgen.com/fancy-text-generator/,top 5,secondary,/tools/fancy (NEW),Money page (secondary / on-page section),TOOL: /tools/fancy (NEW),Live,https://smalltextgen.site/tools/fancy-text-generator,,,
C05,Fancy text generator,copy paste fancy font,informational,smalltextgen.com/fancy-text-generator/,top 3,secondary,/tools/fancy (NEW),Money page (secondary / on-page section),TOOL: /tools/fancy (NEW),Live,https://smalltextgen.site/tools/fancy-text-generator,,,
C05,Fancy text generator,fancy text copy and paste generator,informational,smalltextgen.com/fancy-text-generator/,top 4,secondary,/tools/fancy (NEW),Money page (secondary / on-page section),TOOL: /tools/fancy (NEW),Live,https://smalltextgen.site/tools/fancy-text-generator,,,
C05,Fancy text generator,stylish fonts copy paste,informational,smalltextgen.com/fancy-text-generator/,top 5,blog,/tools/fancy (NEW),Blog post,Fancy Text Generator: Every Copy-Paste Font Style Explained,Live,https://smalltextgen.site/guides/fancy-text-styles-explained,,,
C05,Fancy text generator,fancy type,commercial,smalltextgen.com/fancy-text-generator/,top 5,variant,/tools/fancy (NEW),Money page (misspelling / near-dupe — no separate page),TOOL: /tools/fancy (NEW),Live,https://smalltextgen.site/tools/fancy-text-generator,,,
C05,Fancy text generator,copy paste fancy,informational,smalltextgen.com/fancy-text-generator/,top 4,secondary,/tools/fancy (NEW),Money page (secondary / on-page section),TOOL: /tools/fancy (NEW),Live,https://smalltextgen.site/tools/fancy-text-generator,,,
C05,Fancy text generator,francy text,commercial,smalltextgen.com/fancy-text-generator/,top 5,variant,/tools/fancy (NEW),Money page (misspelling / near-dupe — no separate page),TOOL: /tools/fancy (NEW),Live,https://smalltextgen.site/tools/fancy-text-generator,,,
C05,Fancy text generator,fancey text,commercial,smalltextgen.com/fancy-text-generator/,top 3,variant,/tools/fancy (NEW),Money page (misspelling / near-dupe — no separate page),TOOL: /tools/fancy (NEW),Live,https://smalltextgen.site/tools/fancy-text-generator,,,
C05,Fancy text generator,fancy text generator copy and paste,informational,smalltextgen.com/fancy-text-generator/,top 3,secondary,/tools/fancy (NEW),Money page (secondary / on-page section),TOOL: /tools/fancy (NEW),Live,https://smalltextgen.site/tools/fancy-text-generator,,,
C05,Fancy text generator,fancy font text generator,informational,smalltextgen.com/fancy-text-generator/,top 4,secondary,/tools/fancy (NEW),Money page (secondary / on-page section),TOOL: /tools/fancy (NEW),Live,https://smalltextgen.site/tools/fancy-text-generator,,,
C06,Small caps generator,small capital letter generator,informational,smalltextgen.com/small-caps-generator/,top 3,primary,/tools/small-caps,Money page (primary target),TOOL: /tools/small-caps,Live,https://smalltextgen.site/tools/small-caps,,,
C06,Small caps generator,font generator small caps,informational,smalltextgen.com/small-caps-generator/,top 3,secondary,/tools/small-caps,Money page (secondary / on-page section),TOOL: /tools/small-caps,Live,https://smalltextgen.site/tools/small-caps,,,
C06,Small caps generator,small caps fonts generator,informational,smalltextgen.com/small-caps-generator/,top 3,secondary,/tools/small-caps,Money page (secondary / on-page section),TOOL: /tools/small-caps,Live,https://smalltextgen.site/tools/small-caps,,,
C06,Small caps generator,copy and paste small caps,informational,smalltextgen.com/small-caps-generator/,top 3,secondary,/tools/small-caps,Money page (secondary / on-page section),TOOL: /tools/small-caps,Live,https://smalltextgen.site/tools/small-caps,,,
C06,Small caps generator,small caps text generator,informational,smalltextgen.com/small-caps-generator/,top 3,secondary,/tools/small-caps,Money page (secondary / on-page section),TOOL: /tools/small-caps,Live,https://smalltextgen.site/tools/small-caps,,,
C06,Small caps generator,small capital letters copy and paste,informational,smalltextgen.com/small-caps-generator/,top 3,secondary,/tools/small-caps,Money page (secondary / on-page section),TOOL: /tools/small-caps,Live,https://smalltextgen.site/tools/small-caps,,,
C06,Small caps generator,small caps gen,informational,smalltextgen.com/small-caps-generator/,top 4,variant,/tools/small-caps,Money page (misspelling / near-dupe — no separate page),TOOL: /tools/small-caps,Live,https://smalltextgen.site/tools/small-caps,,,
C06,Small caps generator,small capital generator,informational,smalltextgen.com/small-caps-generator/,top 3,secondary,/tools/small-caps,Money page (secondary / on-page section),TOOL: /tools/small-caps,Live,https://smalltextgen.site/tools/small-caps,,,
C06,Small caps generator,small capital letters text,informational,smalltextgen.com/small-caps-generator/,top 3,secondary,/tools/small-caps,Money page (secondary / on-page section),TOOL: /tools/small-caps,Live,https://smalltextgen.site/tools/small-caps,,,
C06,Small caps generator,small caps copy and paste,informational,smalltextgen.com/small-caps-generator/,top 3,secondary,/tools/small-caps,Money page (secondary / on-page section),TOOL: /tools/small-caps,Live,https://smalltextgen.site/tools/small-caps,,,
C06,Small caps generator,small caps generator,commercial,smalltextgen.com/small-caps-generator/,top 6,primary,/tools/small-caps,Money page (primary target),TOOL: /tools/small-caps,Live,https://smalltextgen.site/tools/small-caps,8,2026-09-22,
C06,Small caps generator,small capital letters generator,informational,smalltextgen.com/small-caps-generator/,top 3,secondary,/tools/small-caps,Money page (secondary / on-page section),TOOL: /tools/small-caps,Live,https://smalltextgen.site/tools/small-caps,,,
C06,Small caps generator,text generator small caps,informational,smalltextgen.com/small-caps-generator/,top 3,secondary,/tools/small-caps,Money page (secondary / on-page section),TOOL: /tools/small-caps,Live,https://smalltextgen.site/tools/small-caps,,,
C06,Small caps generator,small capital letters copy paste,informational,smalltextgen.com/small-caps-generator/,top 3,secondary,/tools/small-caps,Money page (secondary / on-page section),TOOL: /tools/small-caps,Live,https://smalltextgen.site/tools/small-caps,,,
C07,Font generator / copy-paste fonts,font generator,commercial,fontsgeneratorpro.com/,top 1-5 (competitor),primary,/,Money page (primary target),HOME: /,Live,https://smalltextgen.site/,,,
C07,Font generator / copy-paste fonts,copy and paste fonts,commercial,fontsgeneratorpro.com/,top 5,primary,/,Money page (primary target),HOME: /,Live,https://smalltextgen.site/,,,
C07,Font generator / copy-paste fonts,font copy and paste,commercial,fontsgeneratorpro.com/,top 4,primary,/,Money page (primary target),HOME: /,Live,https://smalltextgen.site/,,,
C07,Font generator / copy-paste fonts,fonts copy paste,commercial,fontsgeneratorpro.com/,top 6,secondary,/,Money page (secondary / on-page section),HOME: /,Live,https://smalltextgen.site/,,,
C07,Font generator / copy-paste fonts,fonts copy and paste,commercial,fontsgeneratorpro.com/,top 6,secondary,/,Money page (secondary / on-page section),HOME: /,Live,https://smalltextgen.site/,,,
C07,Font generator / copy-paste fonts,copy paste fonts,commercial,fontsgeneratorpro.com/,top 5,secondary,/,Money page (secondary / on-page section),HOME: /,Live,https://smalltextgen.site/,,,
C07,Font generator / copy-paste fonts,font copy paste,commercial,fontsgeneratorpro.com/,top 4,secondary,/,Money page (secondary / on-page section),HOME: /,Live,https://smalltextgen.site/,,,
C07,Font generator / copy-paste fonts,copy and paste font,commercial,fontsgeneratorpro.com/,top 4,secondary,/,Money page (secondary / on-page section),HOME: /,Live,https://smalltextgen.site/,,,
C07,Font generator / copy-paste fonts,copy paste font,commercial,fontsgeneratorpro.com/,top 5,secondary,/,Money page (secondary / on-page section),HOME: /,Live,https://smalltextgen.site/,,,
C07,Font generator / copy-paste fonts,copy fonts paste,informational,fontsgeneratorpro.com/,top 4,variant,/,Money page (misspelling / near-dupe — no separate page),HOME: /,Live,https://smalltextgen.site/,,,
C07,Font generator / copy-paste fonts,free fonts copy and paste,informational,fontsgeneratorpro.com/,top 5,blog,/,Blog post,Are Copy-Paste Fonts Free & Safe to Use? (licensing + accessibility),Live,https://smalltextgen.site/guides/are-copy-paste-fonts-safe,,,
C07,Font generator / copy-paste fonts,font generator copy paste,commercial,fontsgeneratorpro.com/,top 5,secondary,/,Money page (secondary / on-page section),HOME: /,Live,https://smalltextgen.site/,,,
C07,Font generator / copy-paste fonts,text generator copy and paste,commercial,fontsgeneratorpro.com/,top 5,secondary,/,Money page (secondary / on-page section),HOME: /,Live,https://smalltextgen.site/,,,
C07,Font generator / copy-paste fonts,fonts to copy and paste,informational,fontsgeneratorpro.com/,top 6,secondary,/,Money page (secondary / on-page section),HOME: /,Live,https://smalltextgen.site/,,,
C07,Font generator / copy-paste fonts,font generator copy and paste,informational,fontsgeneratorpro.com/,top 5,secondary,/,Money page (secondary / on-page section),HOME: /,Live,https://smalltextgen.site/,,,
C07,Font generator / copy-paste fonts,copy a n d paste fonts,informational,fontsgeneratorpro.com/,top 5,variant,/,Money page (misspelling / near-dupe — no separate page),HOME: /,Live,https://smalltextgen.site/,,,
C07,Font generator / copy-paste fonts,copy n paste fonts,commercial,fontsgeneratorpro.com/,top 5,variant,/,Money page (misspelling / near-dupe — no separate page),HOME: /,Live,https://smalltextgen.site/,,,
C07,Font generator / copy-paste fonts,fonts copy,informational,fontsgeneratorpro.com/,top 4,variant,/,Money page (misspelling / near-dupe — no separate page),HOME: /,Live,https://smalltextgen.site/,,,
C07,Font generator / copy-paste fonts,copy font paste,informational,fontsgeneratorpro.com/,top 5,variant,/,Money page (misspelling / near-dupe — no separate page),HOME: /,Live,https://smalltextgen.site/,,,
C07,Font generator / copy-paste fonts,copy n paste font,informational,fontsgeneratorpro.com/,top 4,variant,/,Money page (misspelling / near-dupe — no separate page),HOME: /,Live,https://smalltextgen.site/,,,
C07,Font generator / copy-paste fonts,copy paste font generator,informational,fontsgeneratorpro.com/,top 5,secondary,/,Money page (secondary / on-page section),HOME: /,Live,https://smalltextgen.site/,,,
C07,Font generator / copy-paste fonts,copy and past fonts,informational,fontsgeneratorpro.com/,top 4,variant,/,Money page (misspelling / near-dupe — no separate page),HOME: /,Live,https://smalltextgen.site/,,,
C07,Font generator / copy-paste fonts,different fonts copy and paste,informational,fontsgeneratorpro.com/,top 4,blog,/,Blog post,Cool & Different Fonts to Copy and Paste (style gallery),Live,https://smalltextgen.site/guides/cool-different-fonts,,,
C07,Font generator / copy-paste fonts,cool fonts copy and paste,commercial,fontsgeneratorpro.com/,top 5,blog,/,Blog post,Cool & Different Fonts to Copy and Paste (style gallery),Live,https://smalltextgen.site/guides/cool-different-fonts,,,
C07,Font generator / copy-paste fonts,font text generator,commercial,fontsgeneratorpro.com/,top 8,secondary,/,Money page (secondary / on-page section),HOME: /,Live,https://smalltextgen.site/,,,
C07,Font generator / copy-paste fonts,copy past font,informational,fontsgeneratorpro.com/,top 4,variant,/,Money page (misspelling / near-dupe — no separate page),HOME: /,Live,https://smalltextgen.site/,,,
C07,Font generator / copy-paste fonts,text font copy paste,informational,fontsgeneratorpro.com/,top 6,variant,/,Money page (misspelling / near-dupe — no separate page),HOME: /,Live,https://smalltextgen.site/,,,
C07,Font generator / copy-paste fonts,copy and paste words,informational,fontsgeneratorpro.com/,top 6,blog,/,Blog post,Copy and Paste Words & Text: Formatting Tricks for Bios,Live,https://smalltextgen.site/guides/copy-paste-text-tricks-social-media-bios,,,
C07,Font generator / copy-paste fonts,different font generator,informational,fontsgeneratorpro.com/,top 9,secondary,/,Money page (secondary / on-page section),HOME: /,Live,https://smalltextgen.site/,,,
C07,Font generator / copy-paste fonts,copy and paste fonts free,informational,fontsgeneratorpro.com/,top 9,blog,/,Blog post,Are Copy-Paste Fonts Free & Safe to Use? (licensing + accessibility),Live,https://smalltextgen.site/guides/are-copy-paste-fonts-safe,,,
C07,Font generator / copy-paste fonts,font copy n paste,informational,fontsgeneratorpro.com/,top 4,variant,/,Money page (misspelling / near-dupe — no separate page),HOME: /,Live,https://smalltextgen.site/,,,
C07,Font generator / copy-paste fonts,special font copy and paste,commercial,fontsgeneratorpro.com/,top 8,blog,/,Blog post,Copy and Paste Fonts: The Complete Guide to Every Style,Live,https://smalltextgen.site/guides/copy-paste-fonts-guide,,,
C08,Small / tiny text generator (home),tiny text generator,commercial,smalltextgen.com/,top 4,primary,/,Money page (primary target),HOME: /,Live,https://smalltextgen.site/,29,,"Sibling of home ""small text generator"" — keep the three-smallest-styles angle."
C08,Small / tiny text generator (home),small text generator,commercial,smalltextgen.com/,top 4,primary,/,Money page (primary target),HOME: /,Live,https://smalltextgen.site/,28,,"Home page = target. /tools/tiny-text-generator + /guides/how-to-make-tiny-text are siblings; never retarget ""small text generator"" on them."
C08,Small / tiny text generator (home),tiny text,commercial,smalltextgen.com/,top 4,primary,/,Money page (primary target),HOME: /,Live,https://smalltextgen.site/,,,
C08,Small / tiny text generator (home),tiny letter generator,commercial,smalltextgen.com/,top 4,secondary,/,Money page (secondary / on-page section),HOME: /,Live,https://smalltextgen.site/,,,
C08,Small / tiny text generator (home),little text generator,commercial,smalltextgen.com/,top 4,secondary,/,Money page (secondary / on-page section),HOME: /,Live,https://smalltextgen.site/,,,
C08,Small / tiny text generator (home),small text,commercial,smalltextgen.com/,top 3,primary,/,Money page (primary target),HOME: /,Live,https://smalltextgen.site/,,,
C08,Small / tiny text generator (home),tiny text maker,commercial,smalltextgen.com/,top 4,secondary,/,Money page (secondary / on-page section),HOME: /,Live,https://smalltextgen.site/,,,
C08,Small / tiny text generator (home),small text copy and paste,informational,smalltextgen.com/,top 4,secondary,/,Money page (secondary / on-page section),HOME: /,Live,https://smalltextgen.site/,,,
C08,Small / tiny text generator (home),small letters,informational,smalltextgen.com/,top 5,secondary,/,Money page (secondary / on-page section),HOME: /,Live,https://smalltextgen.site/,,,
C08,Small / tiny text generator (home),small font copy paste,commercial,smalltextgen.com/,top 4,secondary,/,Money page (secondary / on-page section),HOME: /,Live,https://smalltextgen.site/,,,
C08,Small / tiny text generator (home),small letters copy and paste,commercial,smalltextgen.com/,top 4,secondary,/,Money page (secondary / on-page section),HOME: /,Live,https://smalltextgen.site/,,,
C08,Small / tiny text generator (home),tiny font,informational,smalltextgen.com/,top 4,secondary,/,Money page (secondary / on-page section),HOME: /,Live,https://smalltextgen.site/,,,
C08,Small / tiny text generator (home),smalltext,informational,smalltextgen.com/,top 3,variant,/,Money page (misspelling / near-dupe — no separate page),HOME: /,Live,https://smalltextgen.site/,,,
C08,Small / tiny text generator (home),small text generator.,informational,smalltextgen.com/,top 4,variant,/,Money page (misspelling / near-dupe — no separate page),HOME: /,Live,https://smalltextgen.site/,,,
C08,Small / tiny text generator (home),text to small,informational,smalltextgen.com/,top 6,secondary,/,Money page (secondary / on-page section),HOME: /,Live,https://smalltextgen.site/,,,
C08,Small / tiny text generator (home),tiny letters,informational,smalltextgen.com/,top 4,secondary,/,Money page (secondary / on-page section),HOME: /,Live,https://smalltextgen.site/,,,"DUPLICATE: mapped to both / and /tools/tiny-text-generator. Owner = /tools/tiny-text-generator (tiny wording); home keeps ""small text""."
C08,Small / tiny text generator (home),small letter generator,commercial,smalltextgen.com/,top 5,secondary,/,Money page (secondary / on-page section),HOME: /,Live,https://smalltextgen.site/,,,
C08,Small / tiny text generator (home),small letter font,informational,smalltextgen.com/,top 4,secondary,/,Money page (secondary / on-page section),HOME: /,Live,https://smalltextgen.site/,,,
C08,Small / tiny text generator (home),tiny font copy and paste,informational,smalltextgen.com/,top 4,secondary,/,Money page (secondary / on-page section),HOME: /,Live,https://smalltextgen.site/,,,
C08,Small / tiny text generator (home),mini text generator,informational,smalltextgen.com/,top 4,secondary,/,Money page (secondary / on-page section),HOME: /,Live,https://smalltextgen.site/,,,
C08,Small / tiny text generator (home),small font maker,commercial,smalltextgen.com/,top 5,secondary,/,Money page (secondary / on-page section),HOME: /,Live,https://smalltextgen.site/,,,
C08,Small / tiny text generator (home),tiny letters generator,informational,smalltextgen.com/,top 4,secondary,/,Money page (secondary / on-page section),HOME: /,Live,https://smalltextgen.site/,,,
C08,Small / tiny text generator (home),small word generator,commercial,smalltextgen.com/,top 8,secondary,/,Money page (secondary / on-page section),HOME: /,Live,https://smalltextgen.site/,,,
C08,Small / tiny text generator (home),small font copy and paste,commercial,smalltextgen.com/,top 4,secondary,/,Money page (secondary / on-page section),HOME: /,Live,https://smalltextgen.site/,,,
C08,Small / tiny text generator (home),small lettering generator,commercial,smalltextgen.com/,top 3,secondary,/,Money page (secondary / on-page section),HOME: /,Live,https://smalltextgen.site/,,,
C08,Small / tiny text generator (home),small text font,informational,smalltextgen.com/,top 3,secondary,/,Money page (secondary / on-page section),HOME: /,Live,https://smalltextgen.site/,,,
C08,Small / tiny text generator (home),small te,informational,smalltextgen.com/,top 3,variant,/,Money page (misspelling / near-dupe — no separate page),HOME: /,Live,https://smalltextgen.site/,,,
C08,Small / tiny text generator (home),tiny font copy paste,informational,smalltextgen.com/,top 4,secondary,/,Money page (secondary / on-page section),HOME: /,Live,https://smalltextgen.site/,,,"DUPLICATE: mapped to both / and /tools/tiny-text-generator. Owner = /tools/tiny-text-generator (tiny wording); home keeps ""small text""."
C08,Small / tiny text generator (home),little font generator,informational,smalltextgen.com/,top 8,secondary,/,Money page (secondary / on-page section),HOME: /,Live,https://smalltextgen.site/,,,
C08,Small / tiny text generator (home),extremely small font generator,informational,smalltextgen.com/,top 8,blog,/,Blog post,How to Make Tiny Text: Small Letters Copy & Paste (pillar),Live,https://smalltextgen.site/guides/how-to-make-tiny-text,,,
C08,Small / tiny text generator (home),tinytext,informational,smalltextgen.com/,top 3,variant,/,Money page (misspelling / near-dupe — no separate page),HOME: /,Live,https://smalltextgen.site/,,,"DUPLICATE: mapped to both / and /tools/tiny-text-generator. Owner = /tools/tiny-text-generator (tiny wording); home keeps ""small text""."
C08,Small / tiny text generator (home),small text gen,informational,smalltextgen.com/,top 4,variant,/,Money page (misspelling / near-dupe — no separate page),HOME: /,Live,https://smalltextgen.site/,,,
C08,Small / tiny text generator (home),miniature text,informational,smalltextgen.com/,top 5,blog,/,Blog post,How to Make Tiny Text: Small Letters Copy & Paste (pillar),Live,https://smalltextgen.site/guides/how-to-make-tiny-text,,,
C08,Small / tiny text generator (home),small lettering font,informational,smalltextgen.com/,top 4,secondary,/,Money page (secondary / on-page section),HOME: /,Live,https://smalltextgen.site/,,,
C08,Small / tiny text generator (home),tiny letter font,informational,smalltextgen.com/,top 4,secondary,/,Money page (secondary / on-page section),HOME: /,Live,https://smalltextgen.site/,,,
C08,Small / tiny text generator (home),small font text,informational,smalltextgen.com/,top 4,secondary,/,Money page (secondary / on-page section),HOME: /,Live,https://smalltextgen.site/,,,
C08,Small / tiny text generator (home),copy and paste small text,informational,smalltextgen.com/,top 4,secondary,/,Money page (secondary / on-page section),HOME: /,Live,https://smalltextgen.site/,,,
C08,Small / tiny text generator (home),copy paste small text,informational,smalltextgen.com/,top 5,secondary,/,Money page (secondary / on-page section),HOME: /,Live,https://smalltextgen.site/,,,
C08,Small / tiny text generator (home),small fonts copy and paste,informational,smalltextgen.com/,top 3,secondary,/,Money page (secondary / on-page section),HOME: /,Live,https://smalltextgen.site/,,,
C08,Small / tiny text generator (home),small text maker,informational,smalltextgen.com/,top 5,secondary,/,Money page (secondary / on-page section),HOME: /,Live,https://smalltextgen.site/,,,
C08,Small / tiny text generator (home),tiny letters copy and paste,informational,smalltextgen.com/,top 5,secondary,/,Money page (secondary / on-page section),HOME: /,Live,https://smalltextgen.site/,,,"DUPLICATE: mapped to both / and /tools/tiny-text-generator. Owner = /tools/tiny-text-generator (tiny wording); home keeps ""small text""."
C08,Small / tiny text generator (home),smallest letter copy and paste,informational,smalltextgen.com/,top 5,blog,/,Blog post,How to Make Tiny Text: Small Letters Copy & Paste (pillar),Live,https://smalltextgen.site/guides/how-to-make-tiny-text,,,
C08,Small / tiny text generator (home),tiny text copy and paste,informational,smalltextgen.com/,top 5,secondary,/,Money page (secondary / on-page section),HOME: /,Live,https://smalltextgen.site/,,,"DUPLICATE: mapped to both / and /tools/tiny-text-generator. Owner = /tools/tiny-text-generator (tiny wording); home keeps ""small text""."
C08,Small / tiny text generator (home),smol text,informational,smalltextgen.com/,top 4,blog,/,Blog post,How to Make Tiny Text: Small Letters Copy & Paste (pillar),Live,https://smalltextgen.site/guides/how-to-make-tiny-text,,,
C08,Small / tiny text generator (home),small words generator,commercial,smalltextgen.com/,top 5,secondary,/,Money page (secondary / on-page section),HOME: /,Live,https://smalltextgen.site/,,,
C08,Small / tiny text generator (home),tiny text gen,informational,smalltextgen.com/,top 4,variant,/,Money page (misspelling / near-dupe — no separate page),HOME: /,Live,https://smalltextgen.site/,,,"DUPLICATE: mapped to both / and /tools/tiny-text-generator. Owner = /tools/tiny-text-generator (tiny wording); home keeps ""small text""."
C08,Small / tiny text generator (home),mini text,informational,smalltextgen.com/,top 4,secondary,/,Money page (secondary / on-page section),HOME: /,Live,https://smalltextgen.site/,,,
C08,Small / tiny text generator (home),small text genorator,informational,smalltextgen.com/,top 4,variant,/,Money page (misspelling / near-dupe — no separate page),HOME: /,Live,https://smalltextgen.site/,,,
C08,Small / tiny text generator (home),small letters copy paste,informational,smalltextgen.com/,top 5,secondary,/,Money page (secondary / on-page section),HOME: /,Live,https://smalltextgen.site/,,,
C08,Small / tiny text generator (home),little letter generator,informational,smalltextgen.com/,top 5,secondary,/,Money page (secondary / on-page section),HOME: /,Live,https://smalltextgen.site/,,,
C08,Small / tiny text generator (home),small text font generator,commercial,smalltextgen.com/,top 5,secondary,/,Money page (secondary / on-page section),HOME: /,Live,https://smalltextgen.site/,,,
C08,Small / tiny text generator (home),small text generatr,informational,smalltextgen.com/,top 4,variant,/,Money page (misspelling / near-dupe — no separate page),HOME: /,Live,https://smalltextgen.site/,,,
C08,Small / tiny text generator (home),tinytext generator,commercial,smalltextgen.com/,top 5,secondary,/,Money page (secondary / on-page section),HOME: /,Live,https://smalltextgen.site/,,,"DUPLICATE: mapped to both / and /tools/tiny-text-generator. Owner = /tools/tiny-text-generator (tiny wording); home keeps ""small text""."
C08,Small / tiny text generator (home),small letters to copy and paste,informational,smalltextgen.com/,top 5,secondary,/,Money page (secondary / on-page section),HOME: /,Live,https://smalltextgen.site/,,,
C08,Small / tiny text generator (home),small text generator discord,informational,smalltextgen.com/,top 5,blog,/,Blog post,Small Text Generator for Discord (expand existing guide),Live,https://smalltextgen.site/guides/tiny-text-discord,,,
C08,Small / tiny text generator (home),very small text generator,informational,smalltextgen.com/,top 4,secondary,/,Money page (secondary / on-page section),HOME: /,Live,https://smalltextgen.site/,,,"DUPLICATE: mapped to both / and /tools/tiny-text-generator. Owner = /tools/tiny-text-generator (tiny wording); home keeps ""small text""."
C08,Small / tiny text generator (home),super small text generator,informational,smalltextgen.com/,top 4,secondary,/,Money page (secondary / on-page section),HOME: /,Live,https://smalltextgen.site/,,,
C08,Small / tiny text generator (home),small text png,informational,smalltextgen.com/,top 5,blog,/,Blog post,Small Text as an Image (PNG) vs Unicode: When to Use Which,Live,https://smalltextgen.site/guides/small-text-png-vs-unicode,,,
C08,Small / tiny text generator (home),little letters copy and paste,informational,smalltextgen.com/,top 5,secondary,/,Money page (secondary / on-page section),HOME: /,Live,https://smalltextgen.site/,,,
C08,Small / tiny text generator (home),tiny letters to copy and paste,informational,smalltextgen.com/,top 5,secondary,/,Money page (secondary / on-page section),HOME: /,Live,https://smalltextgen.site/,,,"DUPLICATE: mapped to both / and /tools/tiny-text-generator. Owner = /tools/tiny-text-generator (tiny wording); home keeps ""small text""."
C08,Small / tiny text generator (home),little letters generator,informational,smalltextgen.com/,top 5,secondary,/,Money page (secondary / on-page section),HOME: /,Live,https://smalltextgen.site/,,,
C08,Small / tiny text generator (home),numbers in small font,informational,smalltextgen.com/,top 5,blog,/,Blog post,"Numbers in Small Font: Superscript, Subscript & Tiny Digits",Live,https://smalltextgen.site/guides/numbers-in-small-font,,,
C08,Small / tiny text generator (home),text small,informational,smalltextgen.com/,top 5,variant,/,Money page (misspelling / near-dupe — no separate page),HOME: /,Live,https://smalltextgen.site/,,,
C09,Invisible / blank text,blank text,informational,smalltextgen.com/invisible-text-generator/,top 2,primary,/tools/invisible,Money page (primary target),TOOL: /tools/invisible,Live,https://smalltextgen.site/tools/invisible,,,
C09,Invisible / blank text,blank copy paste,informational,smalltextgen.com/invisible-text-generator/,top 3,secondary,/tools/invisible,Money page (secondary / on-page section),TOOL: /tools/invisible,Live,https://smalltextgen.site/tools/invisible,,,
C09,Invisible / blank text,invisible text generator,informational,smalltextgen.com/invisible-text-generator/,top 3,primary,/tools/invisible,Money page (primary target),TOOL: /tools/invisible,Live,https://smalltextgen.site/tools/invisible,,,
C09,Invisible / blank text,empty text copy and paste,informational,smalltextgen.com/invisible-text-generator/,top 2,secondary,/tools/invisible,Money page (secondary / on-page section),TOOL: /tools/invisible,Live,https://smalltextgen.site/tools/invisible,,,
C09,Invisible / blank text,empty text,informational,smalltextgen.com/invisible-text-generator/,top 5,secondary,/tools/invisible,Money page (secondary / on-page section),TOOL: /tools/invisible,Live,https://smalltextgen.site/tools/invisible,,,
C09,Invisible / blank text,blank text copy and paste,informational,smalltextgen.com/invisible-text-generator/,top 2,secondary,/tools/invisible,Money page (secondary / on-page section),TOOL: /tools/invisible,Live,https://smalltextgen.site/tools/invisible,,,
C09,Invisible / blank text,copy paste clear,informational,smalltextgen.com/invisible-text-generator/,top 5,variant,/tools/invisible,Money page (misspelling / near-dupe — no separate page),TOOL: /tools/invisible,Live,https://smalltextgen.site/tools/invisible,,,
C09,Invisible / blank text,blank space character copy and paste,informational,smalltextgen.com/invisible-text-generator/,top 4,blog,/tools/invisible,Blog post,Blank Text to Copy & Paste: The Empty Message Character,Live,https://smalltextgen.site/guides/blank-text-copy-paste,,,
C09,Invisible / blank text,copy and paste nothing,informational,smalltextgen.com/invisible-text-generator/,top 4,blog,/tools/invisible,Blog post,Blank Text to Copy & Paste: The Empty Message Character,Live,https://smalltextgen.site/guides/blank-text-copy-paste,,,
C09,Invisible / blank text,copy blank space,commercial,smalltextgen.com/invisible-text-generator/,top 2,secondary,/tools/invisible,Money page (secondary / on-page section),TOOL: /tools/invisible,Live,https://smalltextgen.site/tools/invisible,,,
C09,Invisible / blank text,blank texting,informational,smalltextgen.com/invisible-text-generator/,top 2,variant,/tools/invisible,Money page (misspelling / near-dupe — no separate page),TOOL: /tools/invisible,Live,https://smalltextgen.site/tools/invisible,,,
C09,Invisible / blank text,copy and paste blank,informational,smalltextgen.com/invisible-text-generator/,top 5,secondary,/tools/invisible,Money page (secondary / on-page section),TOOL: /tools/invisible,Live,https://smalltextgen.site/tools/invisible,,,
C09,Invisible / blank text,blank caption copy paste,informational,smalltextgen.com/invisible-text-generator/,top 4,blog,/tools/invisible,Blog post,Invisible Character for Instagram Captions & Bios,Live,https://smalltextgen.site/guides/invisible-character-instagram,,,
C09,Invisible / blank text,invisible text copy paste,informational,smalltextgen.com/invisible-text-generator/,top 7,secondary,/tools/invisible,Money page (secondary / on-page section),TOOL: /tools/invisible,Live,https://smalltextgen.site/tools/invisible,,,
C09,Invisible / blank text,blank highlight text,informational,smalltextgen.com/invisible-text-generator/,top 6,blog,/tools/invisible,Blog post,Invisible Character for Instagram Captions & Bios,Live,https://smalltextgen.site/guides/invisible-character-instagram,,,
C09,Invisible / blank text,clear copy paste,informational,smalltextgen.com/invisible-text-generator/,top 3,variant,/tools/invisible,Money page (misspelling / near-dupe — no separate page),TOOL: /tools/invisible,Live,https://smalltextgen.site/tools/invisible,,,
C09,Invisible / blank text,blank discord copy paste,commercial,smalltextgen.com/invisible-text-generator/,top 5,blog,/tools/invisible,Blog post,Blank Space for Discord: Empty Name & Message (expand existing guide),Live,https://smalltextgen.site/guides/blank-discord-name-message,,,
C09,Invisible / blank text,hidden characters text,informational,smalltextgen.com/invisible-text-generator/,top 6,blog,/tools/invisible,Blog post,Hidden & Zero-Width Characters Explained (expand Unicode guide),Live,https://smalltextgen.site/guides/hidden-zero-width-characters,,,
C09,Invisible / blank text,copy invisible text,informational,smalltextgen.com/invisible-text-generator/,top 4,secondary,/tools/invisible,Money page (secondary / on-page section),TOOL: /tools/invisible,Live,https://smalltextgen.site/tools/invisible,,,
C09,Invisible / blank text,blank text to copy,informational,smalltextgen.com/invisible-text-generator/,top 3,secondary,/tools/invisible,Money page (secondary / on-page section),TOOL: /tools/invisible,Live,https://smalltextgen.site/tools/invisible,,,
C09,Invisible / blank text,blank space copy,commercial,smalltextgen.com/invisible-text-generator/,top 7,secondary,/tools/invisible,Money page (secondary / on-page section),TOOL: /tools/invisible,Live,https://smalltextgen.site/tools/invisible,,,
C09,Invisible / blank text,blank spaces copy and paste,commercial,smalltextgen.com/invisible-text-generator/,top 4,secondary,/tools/invisible,Money page (secondary / on-page section),TOOL: /tools/invisible,Live,https://smalltextgen.site/tools/invisible,,,
C09,Invisible / blank text,nothing text copy paste,informational,smalltextgen.com/invisible-text-generator/,top 3,variant,/tools/invisible,Money page (misspelling / near-dupe — no separate page),TOOL: /tools/invisible,Live,https://smalltextgen.site/tools/invisible,,,
C09,Invisible / blank text,invisable font,commercial,smalltextgen.com/invisible-text-generator/,top 6,variant,/tools/invisible,Money page (misspelling / near-dupe — no separate page),TOOL: /tools/invisible,Live,https://smalltextgen.site/tools/invisible,,,
C09,Invisible / blank text,copy paste invisible text,informational,smalltextgen.com/invisible-text-generator/,top 4,secondary,/tools/invisible,Money page (secondary / on-page section),TOOL: /tools/invisible,Live,https://smalltextgen.site/tools/invisible,,,
C09,Invisible / blank text,no font copy,commercial,smalltextgen.com/invisible-text-generator/,top 5,variant,/tools/invisible,Money page (misspelling / near-dupe — no separate page),TOOL: /tools/invisible,Live,https://smalltextgen.site/tools/invisible,,,
C09,Invisible / blank text,copy paste invisible,informational,smalltextgen.com/invisible-text-generator/,top 4,secondary,/tools/invisible,Money page (secondary / on-page section),TOOL: /tools/invisible,Live,https://smalltextgen.site/tools/invisible,,,
C09,Invisible / blank text,copy.paste blank,commercial,smalltextgen.com/invisible-text-generator/,top 5,variant,/tools/invisible,Money page (misspelling / near-dupe — no separate page),TOOL: /tools/invisible,Live,https://smalltextgen.site/tools/invisible,,,
C09,Invisible / blank text,empty message copy and paste,informational,smalltextgen.com/invisible-text-generator/,top 3,blog,/tools/invisible,Blog post,Blank Text to Copy & Paste: The Empty Message Character,Live,https://smalltextgen.site/guides/blank-text-copy-paste,,,
C09,Invisible / blank text,blank paste,commercial,smalltextgen.com/invisible-text-generator/,top 2,variant,/tools/invisible,Money page (misspelling / near-dupe — no separate page),TOOL: /tools/invisible,Live,https://smalltextgen.site/tools/invisible,,,
C09,Invisible / blank text,invisible words to copy and paste,informational,smalltextgen.com/invisible-text-generator/,top 3,secondary,/tools/invisible,Money page (secondary / on-page section),TOOL: /tools/invisible,Live,https://smalltextgen.site/tools/invisible,,,
C09,Invisible / blank text,invisible space copy paste,informational,smalltextgen.com/invisible-text-generator/,top 7,secondary,/tools/invisible,Money page (secondary / on-page section),TOOL: /tools/invisible,Live,https://smalltextgen.site/tools/invisible,,,
C09,Invisible / blank text,blank font copy,informational,smalltextgen.com/invisible-text-generator/,top 3,variant,/tools/invisible,Money page (misspelling / near-dupe — no separate page),TOOL: /tools/invisible,Live,https://smalltextgen.site/tools/invisible,,,
C10,Subscript generator,subscript generator,informational,smalltextgen.com/subscript-generator/,top 4,primary,/tools/subscript,Money page (primary target),TOOL: /tools/subscript,Live,https://smalltextgen.site/tools/subscript,5,2026-09-22,
C10,Subscript generator,subscript copy and paste,informational,smalltextgen.com/subscript-generator/,top 4,secondary,/tools/subscript,Money page (secondary / on-page section),TOOL: /tools/subscript,Live,https://smalltextgen.site/tools/subscript,,,
C10,Subscript generator,subscript copy paste,informational,smalltextgen.com/subscript-generator/,top 4,secondary,/tools/subscript,Money page (secondary / on-page section),TOOL: /tools/subscript,Live,https://smalltextgen.site/tools/subscript,,,
C10,Subscript generator,subscript text generator,informational,smalltextgen.com/subscript-generator/,top 4,secondary,/tools/subscript,Money page (secondary / on-page section),TOOL: /tools/subscript,Live,https://smalltextgen.site/tools/subscript,,,
C10,Subscript generator,subscript paste,commercial,smalltextgen.com/subscript-generator/,top 5,variant,/tools/subscript,Money page (misspelling / near-dupe — no separate page),TOOL: /tools/subscript,Live,https://smalltextgen.site/tools/subscript,,,
C10,Subscript generator,superscript and subscript generator,informational,smalltextgen.com/subscript-generator/,top 1,secondary,/tools/subscript,Money page (secondary / on-page section),TOOL: /tools/subscript,Live,https://smalltextgen.site/tools/subscript,,,DUPLICATE: mapped to both /tools/superscript and /tools/subscript. Owner = /tools/superscript; subscript page links to it for combined queries.
C10,Subscript generator,subscript 1 copy and paste,informational,smalltextgen.com/subscript-generator/,top 7,blog,/tools/subscript,Blog post,Subscript Numbers: Chemistry & Math Formulae (expand existing guide),Live,https://smalltextgen.site/guides/subscript-numbers-chemistry,,,
C10,Subscript generator,subscript numbers copy paste,informational,smalltextgen.com/subscript-generator/,top 5,blog,/tools/subscript,Blog post,Subscript Numbers: Chemistry & Math Formulae (expand existing guide),Live,https://smalltextgen.site/guides/subscript-numbers-chemistry,,,
C10,Subscript generator,subscript and superscript generator,informational,smalltextgen.com/subscript-generator/,top 3,secondary,/tools/subscript,Money page (secondary / on-page section),TOOL: /tools/subscript,Live,https://smalltextgen.site/tools/subscript,,,DUPLICATE: mapped to both /tools/superscript and /tools/subscript. Owner = /tools/superscript; subscript page links to it for combined queries.
C10,Subscript generator,unicode subscript generator,commercial,smalltextgen.com/subscript-generator/,top 4,secondary,/tools/subscript,Money page (secondary / on-page section),TOOL: /tools/subscript,Live,https://smalltextgen.site/tools/subscript,,,
C10,Subscript generator,subscribt generator,informational,smalltextgen.com/subscript-generator/,top 4,variant,/tools/subscript,Money page (misspelling / near-dupe — no separate page),TOOL: /tools/subscript,Live,https://smalltextgen.site/tools/subscript,,,
C10,Subscript generator,subtext generator,informational,smalltextgen.com/subscript-generator/,top 6,variant,/tools/subscript,Money page (misspelling / near-dupe — no separate page),TOOL: /tools/subscript,Live,https://smalltextgen.site/tools/subscript,,,
C11,Cursive font generator,cursive font text generator,informational,smalltextgen.com/cursive-font-generator/,top 6,primary,/tools/cursive,Money page (primary target),TOOL: /tools/cursive,Live,https://smalltextgen.site/tools/cursive,,,
C11,Cursive font generator,cursive fonts copy,informational,smalltextgen.com/cursive-font-generator/,top 6,secondary,/tools/cursive,Money page (secondary / on-page section),TOOL: /tools/cursive,Live,https://smalltextgen.site/tools/cursive,,,
C11,Cursive font generator,convert to cursive,informational,smalltextgen.com/cursive-font-generator/,top 3,blog,/tools/cursive,Blog post,Convert Text to Cursive: Copy & Paste Cursive Fonts (pillar),Live,https://smalltextgen.site/guides/convert-text-to-cursive,,,
C11,Cursive font generator,copy paste cursive font,informational,smalltextgen.com/cursive-font-generator/,top 8,secondary,/tools/cursive,Money page (secondary / on-page section),TOOL: /tools/cursive,Live,https://smalltextgen.site/tools/cursive,,,
C11,Cursive font generator,cursive fancy text generator,informational,smalltextgen.com/cursive-font-generator/,top 3,secondary,/tools/cursive,Money page (secondary / on-page section),TOOL: /tools/cursive,Live,https://smalltextgen.site/tools/cursive,,,
C11,Cursive font generator,fancy text generator cursive,commercial,smalltextgen.com/cursive-font-generator/,top 2,secondary,/tools/cursive,Money page (secondary / on-page section),TOOL: /tools/cursive,Live,https://smalltextgen.site/tools/cursive,,,
C11,Cursive font generator,cursive font converter,informational,smalltextgen.com/cursive-font-generator/,top 3,blog,/tools/cursive,Blog post,Convert Text to Cursive: Copy & Paste Cursive Fonts (pillar),Live,https://smalltextgen.site/guides/convert-text-to-cursive,,,
C11,Cursive font generator,text in cursive font,informational,smalltextgen.com/cursive-font-generator/,top 4,secondary,/tools/cursive,Money page (secondary / on-page section),TOOL: /tools/cursive,Live,https://smalltextgen.site/tools/cursive,,,
C11,Cursive font generator,copy and paste fonts cursive,informational,smalltextgen.com/cursive-font-generator/,top 7,secondary,/tools/cursive,Money page (secondary / on-page section),TOOL: /tools/cursive,Live,https://smalltextgen.site/tools/cursive,,,
C11,Cursive font generator,convert into cursive,informational,smalltextgen.com/cursive-font-generator/,top 4,blog,/tools/cursive,Blog post,Convert Text to Cursive: Copy & Paste Cursive Fonts (pillar),Live,https://smalltextgen.site/guides/convert-text-to-cursive,,,
C11,Cursive font generator,fancy cursive fonts generator,informational,smalltextgen.com/cursive-font-generator/,top 6,secondary,/tools/cursive,Money page (secondary / on-page section),TOOL: /tools/cursive,Live,https://smalltextgen.site/tools/cursive,,,
C11,Cursive font generator,change font cursive,informational,smalltextgen.com/cursive-font-generator/,top 6,blog,/tools/cursive,Blog post,Convert Text to Cursive: Copy & Paste Cursive Fonts (pillar),Live,https://smalltextgen.site/guides/convert-text-to-cursive,,,
C11,Cursive font generator,cursive fonts to copy,informational,smalltextgen.com/cursive-font-generator/,top 6,secondary,/tools/cursive,Money page (secondary / on-page section),TOOL: /tools/cursive,Live,https://smalltextgen.site/tools/cursive,,,
C11,Cursive font generator,font change cursive,informational,smalltextgen.com/cursive-font-generator/,top 4,blog,/tools/cursive,Blog post,Convert Text to Cursive: Copy & Paste Cursive Fonts (pillar),Live,https://smalltextgen.site/guides/convert-text-to-cursive,,,
C11,Cursive font generator,cute cursive font generator,informational,smalltextgen.com/cursive-font-generator/,top 6,blog,/tools/cursive,Blog post,Cute & Aesthetic Cursive Fonts for Bios,Live,https://smalltextgen.site/guides/aesthetic-cursive-fonts,,,
C11,Cursive font generator,cursive font keyboard,informational,smalltextgen.com/cursive-font-generator/,top 4,blog,/tools/cursive,Blog post,Cursive Font Keyboard: Type Script Text on Phone & PC,Live,https://smalltextgen.site/guides/cursive-font-keyboard,,,
C11,Cursive font generator,fancy cursive fonts to copy and paste,informational,smalltextgen.com/cursive-font-generator/,top 7,secondary,/tools/cursive,Money page (secondary / on-page section),TOOL: /tools/cursive,Live,https://smalltextgen.site/tools/cursive,,,
C11,Cursive font generator,cursive fonts to copy and paste,informational,smalltextgen.com/cursive-font-generator/,top 6,secondary,/tools/cursive,Money page (secondary / on-page section),TOOL: /tools/cursive,Live,https://smalltextgen.site/tools/cursive,,,
C11,Cursive font generator,copy paste cursive fonts,informational,smalltextgen.com/cursive-font-generator/,top 6,secondary,/tools/cursive,Money page (secondary / on-page section),TOOL: /tools/cursive,Live,https://smalltextgen.site/tools/cursive,,,
C11,Cursive font generator,simple cursive font generator,informational,smalltextgen.com/cursive-font-generator/,top 6,secondary,/tools/cursive,Money page (secondary / on-page section),TOOL: /tools/cursive,Live,https://smalltextgen.site/tools/cursive,,,
C11,Cursive font generator,beautiful cursive fonts generator,informational,smalltextgen.com/cursive-font-generator/,top 7,blog,/tools/cursive,Blog post,Cute & Aesthetic Cursive Fonts for Bios,Live,https://smalltextgen.site/guides/aesthetic-cursive-fonts,,,
C11,Cursive font generator,cursive generator copy paste,informational,smalltextgen.com/cursive-font-generator/,top 7,secondary,/tools/cursive,Money page (secondary / on-page section),TOOL: /tools/cursive,Live,https://smalltextgen.site/tools/cursive,,,
C11,Cursive font generator,cursive font generator copy paste,informational,smalltextgen.com/cursive-font-generator/,top 7,secondary,/tools/cursive,Money page (secondary / on-page section),TOOL: /tools/cursive,Live,https://smalltextgen.site/tools/cursive,,,
C11,Cursive font generator,thin cursive font generator,informational,smalltextgen.com/cursive-font-generator/,top 4,blog,/tools/cursive,Blog post,Thin & Simple Cursive Fonts (minimal script styles),Live,https://smalltextgen.site/guides/thin-cursive-fonts,,,
C11,Cursive font generator,in cursive text,commercial,smalltextgen.com/cursive-font-generator/,top 6,variant,/tools/cursive,Money page (misspelling / near-dupe — no separate page),TOOL: /tools/cursive,Live,https://smalltextgen.site/tools/cursive,,,
C11,Cursive font generator,cursive font change,informational,smalltextgen.com/cursive-font-generator/,top 3,blog,/tools/cursive,Blog post,Convert Text to Cursive: Copy & Paste Cursive Fonts (pillar),Live,https://smalltextgen.site/guides/convert-text-to-cursive,,,
C11,Cursive font generator,cursive front generator,commercial,smalltextgen.com/cursive-font-generator/,top 6,variant,/tools/cursive,Money page (misspelling / near-dupe — no separate page),TOOL: /tools/cursive,Live,https://smalltextgen.site/tools/cursive,,,
C11,Cursive font generator,copy and paste cursive fonts,informational,smalltextgen.com/cursive-font-generator/,top 6,secondary,/tools/cursive,Money page (secondary / on-page section),TOOL: /tools/cursive,Live,https://smalltextgen.site/tools/cursive,,,
C12,Tiny text generator (2nd page),small text creator,informational,smalltextgen.com/tiny-text-generator/,top 7,primary,/tools/tiny (NEW),Money page (primary target),TOOL: /tools/tiny (NEW),Live,https://smalltextgen.site/tools/tiny-text-generator,,,
C12,Tiny text generator (2nd page),tiny letters copy and paste,informational,smalltextgen.com/tiny-text-generator/,top 5,secondary,/tools/tiny (NEW),Money page (secondary / on-page section),TOOL: /tools/tiny (NEW),Live,https://smalltextgen.site/tools/tiny-text-generator,,,"DUPLICATE: mapped to both / and /tools/tiny-text-generator. Owner = /tools/tiny-text-generator (tiny wording); home keeps ""small text""."
C12,Tiny text generator (2nd page),tiny letter copy and paste,informational,smalltextgen.com/tiny-text-generator/,top 7,secondary,/tools/tiny (NEW),Money page (secondary / on-page section),TOOL: /tools/tiny (NEW),Live,https://smalltextgen.site/tools/tiny-text-generator,,,
C12,Tiny text generator (2nd page),small text copy paste,commercial,smalltextgen.com/tiny-text-generator/,top 6,secondary,/tools/tiny (NEW),Money page (secondary / on-page section),TOOL: /tools/tiny (NEW),Live,https://smalltextgen.site/tools/tiny-text-generator,,,
C12,Tiny text generator (2nd page),really tiny text,informational,smalltextgen.com/tiny-text-generator/,top 6,blog,/tools/tiny (NEW),Blog post,Small Text vs Tiny Text vs Superscript: Which Is Actually Smallest?,Live,https://smalltextgen.site/guides/smallest-text-style-compared,,,
C12,Tiny text generator (2nd page),tiny texts,informational,smalltextgen.com/tiny-text-generator/,top 5,variant,/tools/tiny (NEW),Money page (misspelling / near-dupe — no separate page),TOOL: /tools/tiny (NEW),Live,https://smalltextgen.site/tools/tiny-text-generator,,,
C12,Tiny text generator (2nd page),tiny text gen,informational,smalltextgen.com/tiny-text-generator/,top 4,variant,/tools/tiny (NEW),Money page (misspelling / near-dupe — no separate page),TOOL: /tools/tiny (NEW),Live,https://smalltextgen.site/tools/tiny-text-generator,,,"DUPLICATE: mapped to both / and /tools/tiny-text-generator. Owner = /tools/tiny-text-generator (tiny wording); home keeps ""small text""."
C12,Tiny text generator (2nd page),tiny font copy paste,informational,smalltextgen.com/tiny-text-generator/,top 5,secondary,/tools/tiny (NEW),Money page (secondary / on-page section),TOOL: /tools/tiny (NEW),Live,https://smalltextgen.site/tools/tiny-text-generator,,,"DUPLICATE: mapped to both / and /tools/tiny-text-generator. Owner = /tools/tiny-text-generator (tiny wording); home keeps ""small text""."
C12,Tiny text generator (2nd page),tinytext generator,commercial,smalltextgen.com/tiny-text-generator/,top 4,secondary,/tools/tiny (NEW),Money page (secondary / on-page section),TOOL: /tools/tiny (NEW),Live,https://smalltextgen.site/tools/tiny-text-generator,,,"DUPLICATE: mapped to both / and /tools/tiny-text-generator. Owner = /tools/tiny-text-generator (tiny wording); home keeps ""small text""."
C12,Tiny text generator (2nd page),very tiny text,informational,smalltextgen.com/tiny-text-generator/,top 7,blog,/tools/tiny (NEW),Blog post,Small Text vs Tiny Text vs Superscript: Which Is Actually Smallest?,Live,https://smalltextgen.site/guides/smallest-text-style-compared,,,
C12,Tiny text generator (2nd page),tint text,informational,smalltextgen.com/tiny-text-generator/,top 5,variant,/tools/tiny (NEW),Money page (misspelling / near-dupe — no separate page),TOOL: /tools/tiny (NEW),Live,https://smalltextgen.site/tools/tiny-text-generator,,,
C12,Tiny text generator (2nd page),tiny letters to copy and paste,informational,smalltextgen.com/tiny-text-generator/,top 5,secondary,/tools/tiny (NEW),Money page (secondary / on-page section),TOOL: /tools/tiny (NEW),Live,https://smalltextgen.site/tools/tiny-text-generator,,,"DUPLICATE: mapped to both / and /tools/tiny-text-generator. Owner = /tools/tiny-text-generator (tiny wording); home keeps ""small text""."
C12,Tiny text generator (2nd page),tiny letters,informational,smalltextgen.com/tiny-text-generator/,top 6,secondary,/tools/tiny (NEW),Money page (secondary / on-page section),TOOL: /tools/tiny (NEW),Live,https://smalltextgen.site/tools/tiny-text-generator,,,"DUPLICATE: mapped to both / and /tools/tiny-text-generator. Owner = /tools/tiny-text-generator (tiny wording); home keeps ""small text""."
C12,Tiny text generator (2nd page),tiny text copy paste,informational,smalltextgen.com/tiny-text-generator/,top 5,secondary,/tools/tiny (NEW),Money page (secondary / on-page section),TOOL: /tools/tiny (NEW),Live,https://smalltextgen.site/tools/tiny-text-generator,,,
C12,Tiny text generator (2nd page),tinytext,informational,smalltextgen.com/tiny-text-generator/,top 1,variant,/tools/tiny (NEW),Money page (misspelling / near-dupe — no separate page),TOOL: /tools/tiny (NEW),Live,https://smalltextgen.site/tools/tiny-text-generator,,,"DUPLICATE: mapped to both / and /tools/tiny-text-generator. Owner = /tools/tiny-text-generator (tiny wording); home keeps ""small text""."
C12,Tiny text generator (2nd page),small letter copy and paste,informational,smalltextgen.com/tiny-text-generator/,top 4,secondary,/tools/tiny (NEW),Money page (secondary / on-page section),TOOL: /tools/tiny (NEW),Live,https://smalltextgen.site/tools/tiny-text-generator,,,
C12,Tiny text generator (2nd page),tiny font text,informational,smalltextgen.com/tiny-text-generator/,top 6,secondary,/tools/tiny (NEW),Money page (secondary / on-page section),TOOL: /tools/tiny (NEW),Live,https://smalltextgen.site/tools/tiny-text-generator,,,
C12,Tiny text generator (2nd page),very small text generator,informational,smalltextgen.com/tiny-text-generator/,top 4,secondary,/tools/tiny (NEW),Money page (secondary / on-page section),TOOL: /tools/tiny (NEW),Live,https://smalltextgen.site/tools/tiny-text-generator,,,"DUPLICATE: mapped to both / and /tools/tiny-text-generator. Owner = /tools/tiny-text-generator (tiny wording); home keeps ""small text""."
C12,Tiny text generator (2nd page),tiny lettering,informational,smalltextgen.com/tiny-text-generator/,top 5,blog,/tools/tiny (NEW),Blog post,Small Text vs Tiny Text vs Superscript: Which Is Actually Smallest?,Live,https://smalltextgen.site/guides/smallest-text-style-compared,,,
C12,Tiny text generator (2nd page),tiny words generator,informational,smalltextgen.com/tiny-text-generator/,top 4,secondary,/tools/tiny (NEW),Money page (secondary / on-page section),TOOL: /tools/tiny (NEW),Live,https://smalltextgen.site/tools/tiny-text-generator,,,
C12,Tiny text generator (2nd page),super tiny letters,informational,smalltextgen.com/tiny-text-generator/,top 5,blog,/tools/tiny (NEW),Blog post,Small Text vs Tiny Text vs Superscript: Which Is Actually Smallest?,Live,https://smalltextgen.site/guides/smallest-text-style-compared,,,
C12,Tiny text generator (2nd page),tiny letters text,informational,smalltextgen.com/tiny-text-generator/,top 5,secondary,/tools/tiny (NEW),Money page (secondary / on-page section),TOOL: /tools/tiny (NEW),Live,https://smalltextgen.site/tools/tiny-text-generator,,,
C12,Tiny text generator (2nd page),super tiny text,informational,smalltextgen.com/tiny-text-generator/,top 6,blog,/tools/tiny (NEW),Blog post,Small Text vs Tiny Text vs Superscript: Which Is Actually Smallest?,Live,https://smalltextgen.site/guides/smallest-text-style-compared,,,
C12,Tiny text generator (2nd page),tiny text copy and paste,informational,smalltextgen.com/tiny-text-generator/,top 5,secondary,/tools/tiny (NEW),Money page (secondary / on-page section),TOOL: /tools/tiny (NEW),Live,https://smalltextgen.site/tools/tiny-text-generator,,,"DUPLICATE: mapped to both / and /tools/tiny-text-generator. Owner = /tools/tiny-text-generator (tiny wording); home keeps ""small text""."
PLAN,30-day blog plan,small text discord,,,,primary,/guides/tiny-text-discord,Strengthen (/guides/tiny-text-discord),How to Make Small Text in Discord: The Complete 2026 Guide,Live,https://smalltextgen.site/guides/tiny-text-discord,1,2026-09-13,
PLAN,30-day blog plan,glitch text generator,,,,primary,/guides/glitch-text-generator,New,Glitch Text Generator (Corrupted/Zalgo-Style Text),Live,https://smalltextgen.site/guides/glitch-text-generator,2,2026-09-13,"3 pages overlap: /tools/zalgo (glitch tool), /guides/glitch-text-generator, /guides/zalgo-text-generator. Keep guides pointing to /tools/zalgo as the money page; do not add another glitch/zalgo page."
PLAN,30-day blog plan,zalgo text generator,,,,primary,/guides/zalgo-text-generator,New,Zalgo Text Generator – Creepy Corrupted Text,Live,https://smalltextgen.site/guides/zalgo-text-generator,3,2026-09-13,See glitch text generator — same cluster; /tools/zalgo is the tool.
PLAN,30-day blog plan,superscript generator,,,,primary,/tools/superscript,Strengthen existing /tools/superscript,Superscript Generator (Copy & Paste),Live,https://smalltextgen.site/tools/superscript,4,2026-09-22,
PLAN,30-day blog plan,discord name generator,,,,primary,/tools/discord-name-generator,New,Discord Name Generator (Fancy/Symbol Names),Live,https://smalltextgen.site/tools/discord-name-generator,6,2026-09-22,
PLAN,30-day blog plan,upside down text generator,,,,primary,/tools/upside-down,New (page already existed — strengthened instead),Upside Down Text Generator,Live,https://smalltextgen.site/tools/upside-down,7,2026-09-22,
PLAN,30-day blog plan,underline text generator,,,,primary,/tools/underline,Strengthen existing,Underline Text Generator,Live,https://smalltextgen.site/tools/underline,9,2026-09-26,Guide /guides/underline-text-copy-paste = how-to; tool = generator. Watch GSC for both ranking on same query.
PLAN,30-day blog plan,mirror text generator,,,,primary,/tools/mirror,New,Mirror / Flip Text Generator,Live,https://smalltextgen.site/tools/mirror,10,2026-09-26,Distinct from /tools/upside-down (vertical flip) — pages cross-link.
PLAN,30-day blog plan,italic text generator,,,,primary,/tools/italic,New,Italic Text Generator,Live,https://smalltextgen.site/tools/italic,11,2026-09-26,Distinct from /tools/cursive (script) — pages cross-link.
PLAN,30-day blog plan,vaporwave text generator,,,,primary,,New,Vaporwave Text Generator (Aesthetic/Y2K Text),Pending — new page planned,,12,,
PLAN,30-day blog plan,typewriter font generator,,,,primary,,New,Typewriter Font Generator,Pending — new page planned,,13,,No page yet; engine already has a monospace style to reuse.
PLAN,30-day blog plan,old english text generator,,,,primary,,New,Old English / Gothic Text Generator,Pending — new page planned,,14,,No page yet; engine already has a fraktur style to reuse.
PLAN,30-day blog plan,roblox font generator,,,,primary,,New,Roblox Font Generator,Pending — new page planned,,15,,CANNIBALIZATION RISK: existing /guides/fonts-for-roblox. Either upgrade that guide or build a tool page and re-point the guide at it — not a 2nd guide.
PLAN,30-day blog plan,minecraft font generator,,,,primary,,New,Minecraft Font Generator,Pending — new page planned,,16,,
PLAN,30-day blog plan,fortnite font generator,,,,primary,,New,Fortnite Font Generator,Pending — new page planned,,17,,
PLAN,30-day blog plan,adopt me font generator,,,,primary,,New,Adopt Me Font Generator,Pending — new page planned,,18,,Roblox sub-game — link to/from the Roblox page; do not repeat Roblox intro content.
PLAN,30-day blog plan,gaming font generator (cluster hub),,,,primary,,New (hub),"Pillar: Best Font Generators for Roblox, Minecraft & Fortnite (2026)",Pending — new page planned,,19,,
PLAN,30-day blog plan,circle text generator,,,,primary,,New,Circle Text Generator,Pending — new page planned,,20,,"CANNIBALIZATION RISK: circled letters = /tools/bubble (Ⓐⓑⓒ). Add a ""circle text"" section/FAQ to /tools/bubble instead of a new page."
PLAN,30-day blog plan,strikethrough text generator,,,,primary,/tools/strikethrough,Strengthen existing /tools/strikethrough (or new if absent),Strikethrough Text Generator,"Pending — page exists, refresh planned",https://smalltextgen.site/tools/strikethrough,21,,
PLAN,30-day blog plan,instagram font generator / aesthetic text generator,,,,primary,/guides/small-text-instagram-bio,Strengthen existing /guides/small-text-instagram-bio,Aesthetic Fonts for Instagram Bio: The Ultimate Guide,"Pending — page exists, refresh planned",https://smalltextgen.site/guides/small-text-instagram-bio,23,,"Overlaps /guides/cursive-fonts-instagram-bio + /guides/aesthetic-cursive-fonts — strengthen the one URL, cross-link the others."
PLAN,30-day blog plan,cursive font generator,,,,primary,/tools/cursive,Strengthen existing /tools/cursive,Cursive Font Generator (Full Overhaul),"Pending — page exists, refresh planned",https://smalltextgen.site/tools/cursive,24,,
PLAN,30-day blog plan,bold text generator,,,,primary,/tools/bold,Strengthen existing /tools/bold,Bold Text Generator (Full Overhaul),"Pending — page exists, refresh planned",https://smalltextgen.site/tools/bold,25,,
PLAN,30-day blog plan,text formatting (cluster hub),,,,primary,,New (hub),"Pillar: Text Formatting Cheat Sheet — Bold, Italic, Underline & Strikethrough for Every Platform",Pending — new page planned,,26,,Mild overlap with /guides/copy-paste-text-tricks-social-media-bios — hub must be the cheat-sheet angle.
PLAN,30-day blog plan,fancy text generator,,,,primary,/tools/fancy-text-generator,Strengthen existing /tools/fancy-text-generator,Fancy Text Generator (Flagship Rebuild),"Pending — page exists, refresh planned",https://smalltextgen.site/tools/fancy-text-generator,27,,Guide /guides/fancy-text-styles-explained shares the head term — keep guide as explainer linking to the tool.
PLAN,30-day blog plan,small text generator alternatives / comparison,,,,primary,,New (comparison),Small Text Generator: Best Free Tools Compared (2026),Pending — new page planned,,30,,
LIVE,Existing guide (not in original research),small text instagram bio,,,,blog,/guides/small-text-instagram-bio,Guide,GUIDE: /guides/small-text-instagram-bio,Live,https://smalltextgen.site/guides/small-text-instagram-bio,,,
LIVE,Existing guide (not in original research),what is invisible text,,,,blog,/guides/what-is-invisible-text,Guide,GUIDE: /guides/what-is-invisible-text,Live,https://smalltextgen.site/guides/what-is-invisible-text,,,
LIVE,Existing guide (not in original research),subscript vs superscript,,,,blog,/guides/subscript-vs-superscript,Guide,GUIDE: /guides/subscript-vs-superscript,Live,https://smalltextgen.site/guides/subscript-vs-superscript,,,
LIVE,Existing guide (not in original research),cursive fonts for instagram bio,,,,blog,/guides/cursive-fonts-instagram-bio,Guide,GUIDE: /guides/cursive-fonts-instagram-bio,Live,https://smalltextgen.site/guides/cursive-fonts-instagram-bio,,,
LIVE,Existing guide (not in original research),how cursive font generator works,,,,blog,/guides/how-cursive-font-generator-works,Guide,GUIDE: /guides/how-cursive-font-generator-works,Live,https://smalltextgen.site/guides/how-cursive-font-generator-works,,,
LIVE,Existing guide (not in original research),unicode explained,,,,blog,/guides/unicode-explained,Guide,GUIDE: /guides/unicode-explained,Live,https://smalltextgen.site/guides/unicode-explained,,,
LIVE,Existing guide (not in original research),bubble letters copy and paste,,,,blog,/guides/bubble-letters-copy-paste,Guide,GUIDE: /guides/bubble-letters-copy-paste,Live,https://smalltextgen.site/guides/bubble-letters-copy-paste,,,
LIVE,Existing guide (not in original research),superscript and subscript character set,,,,blog,/guides/superscript-subscript-character-set,Guide,GUIDE: /guides/superscript-subscript-character-set,Live,https://smalltextgen.site/guides/superscript-subscript-character-set,,,
LIVE,Existing guide (not in original research),bubble text instagram,,,,blog,/guides/bubble-text-instagram-tiktok,Guide,GUIDE: /guides/bubble-text-instagram-tiktok,Live,https://smalltextgen.site/guides/bubble-text-instagram-tiktok,,,
LIVE,Existing guide (not in original research),underline text copy and paste,,,,blog,/guides/underline-text-copy-paste,Guide,GUIDE: /guides/underline-text-copy-paste,Live,https://smalltextgen.site/guides/underline-text-copy-paste,,,
LIVE,Existing guide (not in original research),small caps vs all caps,,,,blog,/guides/small-caps-vs-all-caps,Guide,GUIDE: /guides/small-caps-vs-all-caps,Live,https://smalltextgen.site/guides/small-caps-vs-all-caps,,,
LIVE,Existing guide (not in original research),fonts for tiktok,,,,blog,/guides/fonts-for-tiktok,Guide,GUIDE: /guides/fonts-for-tiktok,Live,https://smalltextgen.site/guides/fonts-for-tiktok,,,
LIVE,Existing guide (not in original research),fonts for twitter,,,,blog,/guides/fonts-for-twitter-x,Guide,GUIDE: /guides/fonts-for-twitter-x,Live,https://smalltextgen.site/guides/fonts-for-twitter-x,,,
LIVE,Existing guide (not in original research),fonts for roblox,,,,blog,/guides/fonts-for-roblox,Guide,GUIDE: /guides/fonts-for-roblox,Live,https://smalltextgen.site/guides/fonts-for-roblox,,,Overlaps Day 15 roblox font generator — see that row.
